Description,Manufacturer
"Hardware Myers 21"" Vitreous China Undermount Bathroom Sink",Signature
"21-1/16"" Undermount Bathroom Sink with Overflow (Mounting Clips Included)",Miseno
"Verticyl 19-13/16"" Rectangular Undermount Bathroom Sink with Vertical Sides and Overflow",Kohler
"22-7/8"" Undermount Bathroom Sink with Overflow",Miseno
"Ladena 20-7/8"" x 14-3/8"" x 8-1/8"" Undermount Bathroom Sink with Overflow",Kohler
"Caxton Rectangle 20-1/4"" Undermount Bathroom Sink with Overflow",Kohler
"Ladena 23-1/4"" Undermount Bathroom Sink with Overflow",Kohler
"Archer 19-7/8"" Undermount Bathroom Sink with Overflow",Kohler
"Hardware 20-1/4"" Rectangular Vitreous China Undermount Bathroom Sink with Overflow",Signature
"Caxton 19-1/4"" Undermount Bathroom Sink with Overflow",Kohler
"Hardware Valor 17-5/8"" Vessel Bathroom Sink",Signature
"19"" Undermount Bathroom Sink with Overflow and CeFiONtect Ceramic Glaze",TOTO
"Verticyl 17-1/8"" Rectangular Vitreous China Undermount Bathroom Sink with Overflow",Kohler
"Caxton 17"" Undermount Bathroom Sink with Overflow",Kohler
"19-7/8"" Rectangular Undermount Bathroom Sink with Rear Overflow",Miseno
"Memoirs 24"" Pedestal Fireclay Bathroom Sink with 3 Faucet Holes Drilled and Overflow",Kohler
"Kathryn 23-7/8"" Rectangular Vitreous China Undermount Bathroom Sink with Overflow",Kohler
"Memoirs 18-1/4"" Undermount Bathroom Sink",Kohler
"Hardware Hibiscus 20"" Fireclay Vessel Bathroom Sink",Signature
"Vox 22"" Vessel Sink with Overflow",Kohler
"Vox 22"" Vessel / Drop In Sink with Overflow",Kohler
"Kathryn 19-3/4"" Rectangular Vitreous China Undermount Bathroom Sink with Overflow",Kohler
"Rectangular 21"" Undermount Bathroom Sink",Miseno
"Norris 21"" Rectangular Vitreous China Undermount Bathroom Sink with Overflow",PROFLO
"Standard Studio 19-3/4"" Undermount Porcelain Bathroom Sink",American
"Verticyl 13-1/16"" Square Vitreous China Undermount Bathroom Sink with Overflow Drain",Kohler
"Memoirs Pedestal Lavatory with 8"" Centers",Kohler
"21-1/4"" Undermount Bathroom Sink with Overflow and CeFiONtect Ceramic Glaze",TOTO
"Ladena 18-3/8"" Undermount Bathroom Sink",Kohler
"Memoirs Classic 24"" Fireclay Pedestal Bathroom Sink with 8"" Widespread Faucet Holes",Kohler
"Vox 16-3/4"" Vessel Sink with Overflow",Kohler
"20-1/2"" Undermount Bathroom Sink with Overflow and CeFiONtect Ceramic Glaze",TOTO
"Madison Claire 24"" Rectangular Ceramic Console Bathroom Sink with Overflow and 1 Faucet Hole",Swiss
"Hardware Myers 21"" Vitreous China Undermount Bathroom Sink - Glazed Underside",Signature
"Magnolia 21-5/8"" Matte Stoneâ„¢ Vessel Bathroom Sink",Vigo
"Devonshire 16-7/8"" Undermount Bathroom Sink with Overflow",Kohler
"DemiLav 18-1/4"" Enameled Cast Iron Wading Pool Bathroom Sink",Kohler
"Hardware Hibiscus 20"" Fireclay Vessel Bathroom Sink with 3 Faucet Holes at 8"" Centers",Signature
"Caxton 21-1/4"" x 17-1/4"" Undermount Bathroom Sink with Overflow",Kohler
"Standard Decorum 20"" Wall Mounted Bathroom Sink with EverClean Surface and Rear Overflow",American
"Memoirs Stately 17"" Drop In Bathroom Sink with 3 Holes Drilled and Overflow",Kohler
"Stedman 19-7/8"" Rectangular Vitreous China Undermount Bathroom Sink with Overflow",PROFLO
"Standard Town Square S 30"" Rectangular Fireclay Pedestal Bathroom Sink with Overflow and 3 Faucets Holes at 8"" Centers",American
"Devonshire 18-1/8"" Undermount Bathroom Sink with Overflow",Kohler
"Standard Loft 19-5/8"" Vessel Fireclay Bathroom Sink",American
"Standard 25"" Fireclay Console  Bathroom Sink with 4"" Faucet Centers and Polished Chrome Lavatory Console",American
"Cimarron 22-3//4"" Pedestal Lavatory Sink with One Hole Drilled and Overflow",Kohler
"Vox 20"" Vessel Vitreous China Bathroom Sink with Overflow",Kohler
